id,id_empresa,id_sector,codigo_piscina,hectareaje,descripcion,id_organizacion,estado
1,2,4,BA1-001,7.63,PISCINA 01,1,activa
2,1,1,BG1-002,2.53,PISCINA 02,1,activa
3,3,8,PJF-001,8.40,PISCINA 01,1,activa
4,2,4,BA1-002,7.05,PISCINA 02,1,activa
5,1,1,BG1-003,6.99,PISCINA 03,1,activa
6,2,4,BA1-003,5.57,PISCINA 03,1,activa
7,3,8,PJF-002,9.08,PISCINA 02,1,activa
8,1,1,BG1-004,2.15,PISCINA 04,1,activa
9,2,4,BA1-004,3.54,PISCINA 04,1,activa
10,3,8,PJF-003,8.83,PISCINA 03,1,activa
11,1,1,BG1-005,8.68,PISCINA 05,1,activa
12,2,4,BA1-005,6.99,PISCINA 05,1,activa
13,1,1,BG1-006,5.11,PISCINA 06,1,activa
14,3,8,PJF-004,8.95,PISCINA 04,1,activa
15,2,4,BA1-006,4.26,PISCINA 06,1,activa
16,1,1,BG1-007,11.12,PISCINA 07,1,activa
17,3,8,PJF-005,10.65,PISCINA 05,1,activa
18,2,4,BA1-007,3.02,PISCINA 07,1,activa
19,1,1,BG1-008,7.71,PISCINA 08,1,activa
20,3,8,PJF-006,6.12,PISCINA 06,1,activa
21,2,4,BA1-008,5.73,PISCINA 08,1,activa
22,1,1,BG1-009,4.90,PISCINA 09,1,activa
23,3,8,PJF-007,5.91,PISCINA 07,1,activa
24,2,4,BA1-009,3.08,PISCINA 09,1,activa
25,1,1,BG1-010,7.21,PISCINA 10,1,activa
26,3,8,PJF-008,9.66,PISCINA 08,1,activa
27,2,4,BA1-010,3.01,PISCINA 10,1,activa
28,1,1,BG1-101,1.32,PISCINA 101,1,activa
29,3,8,PJF-009,6.03,PISCINA 09,1,activa
30,2,4,BA1-101,1.76,PRE 101,1,activa
31,1,1,BG1-103,2.14,PRE 103,1,activa
32,3,8,PJF-010,6.79,PISCINA 10,1,activa
33,2,4,BA1-102,1.80,PRE 102,1,activa
34,1,1,BG1-011,10.77,PISCINA 11,1,activa
35,3,8,PJF-101,1.00,PRE 101,1,activa
36,2,4,BA1-103,1.71,PRE 103,1,activa
37,1,1,BG1-012,7.75,PISCINA 12,1,activa
38,3,8,PJF-102,1.19,PRE 102,1,activa
39,2,4,BA1-104,1.82,PRE 104,1,activa
40,1,1,BG1-013,2.75,PISCINA 13,1,activa
41,2,4,BA1-011,2.82,PISCINA 11,1,activa
42,3,8,PJF-011,6.69,PISCINA 11,1,activa
43,1,1,BG1-014,4.09,PISCINA 14,1,activa
44,2,4,BA1-012,4.54,PISCINA 12,1,activa
45,3,8,PJF-012,6.83,PISCINA 012,1,activa
46,1,1,BG1-015,6.75,PISCINA 15,1,activa
47,2,4,BA1-013,4.71,PISCINA 13,1,activa
48,3,8,PJF-013,5.90,PISCINA 13,1,activa
49,1,1,BG1-016,11.23,PISCINA 16,1,activa
50,2,4,BA1-014,7.25,PISCINA 14,1,activa
51,1,1,BG1-017,8.42,PISCINA 17,1,activa
52,3,8,PJF-014,7.68,PISCINA 14,1,activa
53,2,4,BA1-015,4.06,PISCINA 15,1,activa
54,1,1,BG1-102,1.12,PRE 102,1,activa
55,3,8,PJF-015,7.74,PISCINA 15,1,activa
56,2,4,BA1-016,6.76,PISCINA 16,1,activa
57,3,8,PJF-016,7.40,PISCINA 16,1,activa
58,2,4,BA1-017,4.60,PISCINA 17,1,activa
59,3,8,PJF-017,7.56,PISCINA 17,1,activa
60,2,4,BA1-018,6.28,PISCINA 18,1,activa
61,2,4,BA1-019,3.08,PISCINA 19,1,activa
62,2,4,BA1-020,4.55,PISCINA 20,1,activa
63,2,4,BA1-021,3.54,PISCINA 21,1,activa
64,2,4,BA1-022,4.67,PISCINA 22,1,activa
65,2,4,BA1-023,2.98,PISCINA 23,1,activa
66,2,4,BA1-024,4.30,PISCINA 24,1,activa
67,2,4,BA1-025,4.67,PISCINA 25,1,activa
68,2,4,BA1-026,4.91,PISCINA 26,1,activa
69,2,4,BA1-027,4.92,PISCINA 27,1,activa
70,2,4,BA1-028,5.49,PISCINA 28,1,activa
72,2,4,BA1-029,6.34,PISCINA 29,1,activa
73,2,4,BA1-030,6.98,PISCINA 30,1,activa
75,1,2,BG2-201,1.54,PRE 201,1,activa
76,2,4,BA1-031,3.53,PISCINA 31,1,activa
78,1,2,BG2-202,1.59,PRE 202,1,activa
79,2,4,BA1-032,5.39,PISCINA 32,1,activa
81,1,2,BG2-203,1.72,PRE 203,1,activa
82,2,4,BA1-033,5.05,PISCINA 33,1,activa
84,2,4,BA1-034,6.81,PISCINA 34,1,activa
86,1,2,BG2-021,7.52,PISCINA 21,1,activa
88,2,4,BA1-035,5.05,PISCINA 35,1,activa
89,1,2,BG2-022,8.90,PISCINA 22,1,activa
91,2,4,BA1-036,2.87,PISCINA 36,1,activa
92,1,2,BG2-023,10.02,PISCINA 23,1,activa
94,2,4,BA1-037,2.38,PISCINA 37,1,activa
95,1,2,BG2-024,7.91,PISCINA 24,1,activa
97,2,4,BA1-038,2.60,PISCINA 38,1,activa
98,1,2,BG2-025,2.82,PISCINA 25,1,activa
100,2,4,BA1-039,3.12,PISCINA 39,1,activa
101,1,2,BG2-026,6.36,PISCINA 26,1,activa
103,2,4,BA1-040,1.80,PISCINA 40,1,activa
104,1,2,BG2-027,6.47,PISCINA 27,1,activa
105,2,5,BSS-001,6.81,PISCINA 01,1,activa
107,1,2,BG2-028,8.83,PISCINA 28,1,activa
108,2,5,BSS-002,5.64,PISCINA 02,1,activa
90,2,6,BA2-042,11.40,PISCINA 42,1,inactiva
96,2,6,BA2-044,11.30,PISCINA 44,1,inactiva
102,2,6,BA2-046,10.50,PISCINA 46,1,inactiva
106,2,6,BA2-047,7.44,PISCINA 47,1,inactiva
109,2,6,BA2-048,2.80,PISCINA 48,1,inactiva
74,2,6,BA2-202,2.72,PRE 202,1,inactiva
77,2,6,BA2-203,2.30,PRE 203,1,inactiva
80,2,6,BA2-204,1.32,PISCINA 204,1,inactiva
83,2,6,BA2-205,0.46,PISCINA 205,1,inactiva
99,2,6,BA2-045,10.00,PISCINA 45 -,1,inactiva
110,1,2,BG2-029,7.99,PISCINA 29,1,activa
111,2,5,BSS-003,2.94,PISCINA 03,1,activa
113,1,2,BG2-030,7.32,PISCINA 30,1,activa
114,2,5,BSS-004,1.20,PISCINA 04,1,activa
116,3,10,PL2-001,2.01,PISCINA 01,1,activa
117,1,2,BG2-031,3.37,PISCINA 31,1,activa
118,2,5,BSS-005,4.87,PISCINA 05,1,activa
119,1,2,BG2-032,9.69,PISCINA 32,1,activa
120,3,10,PL2-002,5.73,PISCINA 02,1,activa
121,2,5,BSS-006,4.86,PISCINA 06,1,activa
122,1,2,BG2-033,7.00,PISCINA 33,1,activa
123,3,10,PL2-003,4.57,PISCINA 03,1,activa
124,2,5,BSS-007,3.35,PISCINA 07,1,activa
125,1,2,BG2-034,8.61,PISCINA 34,1,activa
126,3,10,PL2-004,6.40,PISCINA 04,1,activa
127,2,5,BSS-008,5.32,PISCINA 08,1,activa
128,1,2,BG2-035,3.80,PISCINA 35,1,activa
129,3,10,PL2-005,6.13,PISCINA 05,1,activa
130,2,5,BSS-009,4.15,PISCINA 09,1,activa
131,1,2,BG2-036,5.20,PISCINA 36,1,activa
132,2,5,BSS-010,2.65,PISCINA 10,1,activa
133,3,10,PL2-006,12.14,PISCINA 06,1,activa
134,1,2,BG2-037,5.34,PISCINA 37,1,activa
135,2,5,BSS-101,0.69,PRE 101,1,activa
136,3,10,PL2-007,5.37,PISCINA 07,1,activa
137,1,2,BG2-038,5.74,PISCINA 38,1,activa
138,2,5,BSS-102,0.73,PRE 102,1,activa
139,3,10,PL2-008,17.00,PISCINA 08,1,activa
140,1,2,BG2-039,5.86,PISCINA 39,1,activa
141,2,5,BSS-103,0.92,PRE 103,1,activa
142,3,10,PL2-009,1.36,PISCINA 09,1,activa
143,1,2,BG2-040,6.38,PISCINA 40,1,activa
144,2,5,BSS-104,0.61,PRE 104,1,activa
145,3,10,PL2-010,5.19,PISCINA 10,1,activa
146,1,2,BG2-041,6.38,PISCINA 41,1,activa
147,2,5,BSS-105,1.01,PRE 105,1,activa
148,3,10,PL2-101,2.52,PRE 101,1,activa
149,1,2,BG2-042,6.62,PISCINA 42,1,activa
150,2,5,BSS-011,4.92,PISCINA 11,1,activa
151,1,2,BG2-020,2.05,PRE 20,1,activa
152,3,10,PL2-102,1.36,PRE 102,1,activa
153,2,3,BSF-001,6.48,PISCINA 01,1,activa
154,2,5,BSS-012,5.60,PISCINA 12,1,activa
155,2,3,BSF-002,6.45,PISCINA 02,1,activa
156,3,10,PL2-011,6.44,PISCINA 11,1,activa
157,2,5,BSS-013,4.62,PISCINA 13,1,activa
158,2,3,BSF-003,6.03,PISCINA 03,1,activa
159,2,5,BSS-014,5.05,PISCINA 14,1,activa
160,3,10,PL2-012,1.95,PISCINA 12,1,activa
161,2,3,BSF-004,7.17,PISCINA 04,1,activa
162,2,5,BSS-015,5.88,PISCINA 15,1,activa
163,3,10,PL2-013,6.51,PISCINA 13,1,activa
164,2,7,BSP-001,3.40,PISCINA 01,1,activa
165,2,3,BSF-005,4.63,PISCINA 05,1,activa
166,2,5,BSS-016,7.57,PISCINA 16,1,activa
167,2,7,BSP-002,4.65,PISCINA 02,1,activa
168,2,3,BSF-006,8.74,PISCINA 06,1,activa
169,2,5,BSS-017,7.80,PISCINA 17,1,activa
170,2,7,BSP-003,6.50,PISCINA 03,1,activa
171,2,3,BSF-007,6.33,PISCINA 07,1,activa
172,2,5,BSS-018,4.43,PISCINA 18,1,activa
173,2,7,BSP-004,5.65,PISCINA 04,1,activa
174,2,5,BSS-019,3.09,PISCINA 19,1,activa
175,2,3,BSF-008,6.59,PISCINA 08,1,activa
176,2,7,BSP-005,2.95,PISCINA 05,1,activa
177,2,5,BSS-020,3.04,PISCINA 20,1,activa
178,2,3,BSF-009,7.15,PISCINA 09,1,activa
179,2,7,BSP-006,4.50,PISCINA 06,1,activa
180,2,3,BSF-010,6.89,PISCINA 10,1,activa
181,2,5,BSS-021,2.90,PISCINA 21,1,activa
182,2,7,BSP-007,8.25,PISCINA 07,1,activa
183,2,3,BSF-101,0.87,PRE 101,1,activa
184,2,5,BSS-022,2.45,PISCINA 22,1,activa
185,2,3,BSF-102,0.88,PRE 102,1,activa
186,2,7,BSP-008,4.45,PISCINA 08,1,activa
187,2,5,BSS-023,2.38,PISCINA 23,1,activa
188,2,3,BSF-103,0.86,PRE 103,1,activa
189,2,7,BSP-009,4.75,PISCINA 09,1,activa
190,2,5,BSS-024,1.53,PISCINA 24,1,activa
191,2,3,BSF-104,0.82,PRE 104,1,activa
192,2,5,BSS-025,1.14,PISCINA 25,1,activa
193,2,7,BSP-010,6.45,PISCINA 10,1,activa
194,2,3,BSF-105,0.70,PRE 105,1,activa
195,2,5,BSS-026,7.13,PISCINA 26,1,activa
196,2,7,BSP-101,2.18,PRE 101,1,activa
197,2,3,BSF-106,0.87,PRE 106,1,activa
198,2,5,BSS-027,6.22,PISCINA 27,1,activa
199,2,7,BSP-011,8.30,PISCINA 11,1,activa
200,2,3,BSF-011,6.84,PISCINA 11,1,activa
201,2,5,BSS-028,4.22,PISCINA 28,1,activa
202,2,7,BSP-012,7.40,PISCINA 12,1,activa
203,2,3,BSF-012,5.85,PISCINA 12,1,activa
204,2,5,BSS-029,5.04,PISCINA 29,1,activa
205,2,7,BSP-013,4.95,PISCINA 13,1,activa
206,2,3,BSF-013,8.37,PISCINA 13,1,activa
207,3,9,PL1-001,9.00,PISCINA 01,1,activa
208,2,5,BSS-030,0.73,PISCINA 30,1,activa
209,2,3,BSF-014,6.71,PISCINA 14,1,activa
210,2,3,BSF-015,6.88,PISCINA 15,1,activa
211,2,3,BSF-016,5.06,PISCINA 16,1,activa
212,2,3,BSF-017,5.89,PISCINA 17,1,activa
213,2,3,BSF-018,5.74,PISCINA 18,1,activa
214,2,3,BSF-019,6.73,PISCINA 19,1,activa
215,2,3,BSF-020,6.54,PISCINA 20,1,activa
216,2,3,BSF-021,5.35,PISCINA 21,1,activa
217,2,3,BSF-022,7.85,PISCINA 22,1,activa
218,2,3,BSF-023,3.75,PISCINA 23,1,activa
115,2,6,BA2-050,8.55,PISCINA 50,1,inactiva
219,2,3,BSF-024,7.67,PISCINA 24,1,activa
220,2,3,BSF-025,5.77,PISCINA 25,1,activa
221,2,3,BSF-026,6.33,PISCINA 26,1,activa
222,2,3,BSF-027,6.81,PISCINA 27,1,activa
223,2,3,BSF-028,6.42,PISCINA 28,1,activa
224,2,3,BSF-029,6.65,PISCINA 29,1,activa
225,2,3,BSF-030,5.88,PISCINA 30,1,activa
226,2,3,BSF-031,7.76,PISCINA 31,1,activa
227,2,3,BSF-032,4.23,PISCINA 32,1,activa
228,2,3,BSF-033,6.73,PISCINA 33,1,activa
229,2,3,BSF-034,4.22,PISCINA 34,1,activa
230,2,3,BSF-035,5.66,PISCINA 35,1,activa
231,2,5,BSS-031,8.82,PISCINA 31,1,activa
232,2,5,BSS-032,7.89,PISCINA 32,1,activa
233,2,5,BSS-033,4.65,PISCINA 33,1,activa
234,2,5,BSS-034,4.97,PISCINA 34,1,activa
235,2,5,BSS-035,4.60,PISCINA 35,1,activa
237,2,5,BSS-037,4.25,PISCINA 37,1,activa
238,2,5,BSS-038,4.30,PISCINA 38,1,activa
239,2,5,BSS-039,6.74,PISCINA 39,1,activa
241,2,5,BSS-041,3.82,PISCINA 41,1,activa
242,2,5,BSS-042,2.97,PISCINA 42,1,activa
243,3,9,PL1-002,4.50,PISCINA 02,1,activa
244,2,5,BSS-043,1.88,PISCINA 43,1,activa
245,3,9,PL1-003,4.30,PISCINA 03,1,activa
246,2,5,BSS-044,1.48,PISCINA 44,1,activa
247,3,9,PL1-004,10.50,PISCINA 04,1,activa
248,3,9,PL1-005,6.00,PISCINA 05,1,activa
249,3,9,PL1-006,5.80,PISCINA 06,1,activa
250,3,9,PL1-007,4.00,PISCINA 07,1,activa
251,3,9,PL1-008,6.40,PISCINA 08,1,activa
252,3,9,PL1-009,7.00,PISCINA 09,1,activa
253,3,9,PL1-010,8.30,PISCINA 10,1,activa
254,3,9,PL1-101,1.90,PRE 101,1,activa
255,3,9,PL1-102,2.20,PRE 102,1,activa
256,3,9,PL1-103,1.50,PRE 103,1,activa
257,3,9,PL1-104,1.50,PRE 104,1,activa
258,3,9,PL1-105,1.46,PRE 105,1,activa
259,3,9,PL1-106,1.55,PRE 106,1,activa
260,3,9,PL1-011,5.70,PISCINA 11,1,activa
261,3,9,PL1-012,3.80,PISCINA 12,1,activa
262,3,9,PL1-013,7.35,PISCINA 13,1,activa
263,3,9,PL1-014,6.76,PISCINA 14,1,activa
264,3,9,PL1-015,6.74,PISICNA 15,1,activa
265,3,9,PL1-016,6.18,PISCINA 16,1,activa
266,3,9,PL1-017,6.40,PISCINA 17,1,activa
267,3,9,PL1-018,4.55,PISCINA 18,1,activa
268,3,9,PL1-019,5.55,PISCINA 19,1,activa
269,3,9,PL1-020,5.00,PISCINA 20,1,activa
270,3,9,PL1-021,2.78,PISCINA 21,1,activa
271,3,9,PL1-022,5.00,PISCINA 22,1,activa
272,3,9,PL1-023,2.82,PISCINA 23,1,activa
273,3,9,PL1-024,6.50,PISCINA 24,1,activa
274,3,9,PL1-025,4.00,PISCINA 25,1,activa
275,3,9,PL1-026,3.00,PISCINA 26,1,activa
276,3,9,PL1-027,7.00,PISCINA 27,1,activa
277,3,9,PL1-028,5.50,PISCINA 28,1,activa
278,3,9,PL1-029,10.00,PISCINA 29,1,activa
279,3,9,PL1-030,4.40,PISCINA 30,1,activa
280,3,9,PL1-031,3.20,PISCINA 31,1,activa
281,3,9,PL1-032,2.00,PISCINA 32,1,activa
282,3,9,PL1-033,7.40,PISCINA 33,1,activa
283,3,9,PL1-034,9.00,PISCINA 34,1,activa
284,3,9,PL1-035,2.88,PISCINA 35,1,activa
285,3,9,PL1-036,6.70,PISCINA 36,1,activa
292,2,7,BSP-014,6.90,PISCINA 14,1,activa
293,3,9,PL1-040,4.70,PISCINA 40,1,activa
294,3,9,PL1-041,6.00,PISCINA 41,1,activa
295,3,9,PL1-042,6.40,PISCINA 42,1,activa
296,3,9,PL1-043,7.00,PISCINA 43,1,activa
297,3,9,PL1-044,7.00,PISCINA 44,1,activa
298,3,9,PL1-045,4.80,PISCINA 45,1,activa
299,3,9,PL1-046,7.65,PISCINA 46,1,activa
300,3,9,PL1-047,7.90,PISCINA 47,1,activa
301,3,11,PL3-001,100.00,PISCINA 01,1,activa
302,2,7,BSP-102,0.96,PRE 102,1,activa
303,2,7,BSP-103,1.10,PRE 103,1,activa
304,2,7,BSP-106,1.00,PRE 106,1,activa
305,2,7,BSP-015,6.00,PISCINA 15,1,activa
308,2,7,BSP-104,1.00,PRE 104,1,activa
309,2,7,BSP-105,1.00,PRE 105,1,activa
310,2,7,BSP-107,2.20,PRE 107,1,activa
312,1,2,BG2-043,8.22,PISCINA 43,1,activa
313,1,2,BG2-301,1.10,PRE 301,1,activa
314,1,2,BG2-302,1.13,PRE 302,1,activa
315,1,2,BG2-303,0.70,PRE 303,1,activa
316,1,2,BG2-044,8.19,PISCINA 44,1,activa
317,1,2,BG2-045,8.62,PISCINA 45,1,activa
318,1,2,BG2-046,12.60,PISCINA 46,1,activa
319,1,2,BG2-047,10.80,PISCINA 47,1,activa
320,1,2,BG2-048,10.40,PISCINA 48,1,activa
321,1,2,BG2-049,10.00,PISCINA 49,1,activa
322,1,2,BG2-050,7.50,PISCINA 50,1,activa
323,2,5,BSS-106,1.33,PRE 106,1,activa
324,2,5,BSS-107,1.33,PRE 107,1,activa
325,2,7,BSP-016,2.90,PISCINA 16,1,activa
306,2,7,BSP-053,10.20,PISCINA 53,1,inactiva
307,2,7,BSP-054,15.80,PISCINA 54,1,inactiva
290,2,6,BA2-051,10.50,PISCINA 51,1,inactiva
291,2,6,BA2-052,7.44,PISCINA 52,1,inactiva
286,2,6,BA2-053,2.79,PISCINA 53,1,inactiva
287,2,6,BA2-054,1.80,PISCINA 54,1,inactiva
288,2,6,BA2-055,8.55,PISCINA 55,1,inactiva
289,2,6,BA2-056,2.14,PISCINA 56,1,inactiva
236,2,5,BSS-036,2.93,PISCINA 36,1,inactiva
311,2,6,BA2-207,0.38,PISCINA 207,1,inactiva
87,2,6,BA2-041,8.20,PISCINA 41,1,inactiva
93,2,6,BA2-043,8.47,PISCINA 43,1,inactiva
112,2,6,BA2-049,2.14,PISICNA 49,1,inactiva
71,2,6,BA2-201,2.00,PRE 201,1,inactiva
85,2,6,BA2-206,1.80,PRE 206,1,inactiva
347,2,12,BCE-103,0.66,,1,activa
349,3,9,PL1-107,1.50,,1,activa
350,3,9,PL1-108,1.10,,1,activa
351,3,9,PL1-050,4.18,,1,activa
352,3,9,PL1-051,4.16,,1,activa
353,3,9,PL1-052,5.80,,1,activa
354,3,9,PL1-053,4.47,,1,activa
355,3,9,PL1-054,4.50,,1,activa
326,2,12,BCE-001,3.14,,1,activa
327,2,12,BCE-002,5.04,,1,activa
328,2,12,BCE-003,3.09,,1,activa
329,2,12,BCE-004,6.83,,1,activa
330,2,12,BCE-005,4.03,,1,activa
331,2,12,BCE-006,6.00,,1,activa
332,2,12,BCE-007,5.70,,1,activa
333,2,12,BCE-008,6.72,,1,activa
334,2,12,BCE-009,5.26,,1,activa
335,2,12,BCE-010,2.94,,1,activa
336,2,12,BCE-011,5.81,,1,activa
337,2,12,BCE-012,3.91,,1,activa
339,2,12,BCE-013,2.62,,1,activa
340,2,12,BCE-014,4.43,,1,activa
341,2,12,BCE-015,3.63,,1,activa
342,2,12,BCE-016,2.00,,1,activa
343,2,12,BCE-017,2.43,,1,activa
345,2,12,BCE-101,1.06,,1,activa
346,2,12,BCE-102,1.15,,1,activa
348,2,12,BCE-104,1.70,,1,activa
356,2,12,BCE-105,1.00,,1,activa
344,2,12,NULA,0.00,,1,inactiva
338,2,12,NULA,0.00,,1,inactiva
357,3,10,PL2-014,3.00,,1,activa
358,3,10,PL2-015,2.52,,1,activa
240,2,5,BSS-040,7.03,PISCINA 40 -,1,activa
